7bpuae,남시은,eNzT*dU#wRu$,010-4798-9834,19510220,N,1
25bjvtn30vu2,나바탐,2@KG0FC_!KqwW7,010-4364-1393,19921205,N,0
n60iazi,신산승,x5N+TqU),010-5517-7699,19550501,N,0
ira8yq4y,문초무,N&^uc3aFKZ7M,010-6338-7977,19980326,N,1
r23yhmgtrs1,노춘강,YNgJqQ+V%h,010-4469-5336,19750206,Y,1
xq5c7kiou4h5h,양미범,S7J3DjJus+,010-6469-4922,20150423,N,1
ry3czrxq4v,성가도,FeM77^*XkwDC$N,010-9857-9828,20100929,N,1
qjpl1jp0pwsxy,신탐숙,%@g$7WKTphaUD,010-0645-0228,20060724,N,0
2n6wbo5i,조성성,CVTjU*y$64FL,010-4973-5356,19830523,N,1
el897v083,지창박,BE2C2pVmMEpK__h^,010-8685-5042,19620227,N,1
lpm6bdnw0,방옥우,uUg_7(uR3E,010-3688-4140,19740530,N,1
8mom8q3mc7ipk0,허설일,5id*jH6qX@J7!73,010-9948-4154,19710517,N,1
epyglfrt1jw3j7,나달달,4853*zC1s07SKL,010-5641-3879,19870506,N,1
j0d9h655kg30givi,전종리,6Ls5v3_0n,010-0637-4243,19610125,N,1
hlpluz63l8mhhnv,김월로,(d_&Q4d2k2YK+@g,010-0119-4018,19921116,N,1
hv49r60wf43vw19,하수율,I7XOpluzL1lZhuk,010-6325-7356,20200905,N,1
wzkrkpx31s9nz,전선안,x+E1^$J4+F6,010-9380-2578,20170314,N,1
dqtvmy8qlhv0y46,손소강,wTvMP6KL1+!FP,010-2376-6400,19580318,N,1
v8i5omp,강옥문,_3Ce+tXrO_la7,010-4090-7571,19600803,N,1
72tp5gz09o2jcb,배범섭,Av3q_AwswnH,010-0625-0025,19891207,N,1
sg2km8sjl837,남소솔,p910JF*B1y(a,010-1351-5739,20140828,N,1
49pq8g3g,임태달,d6Tt+*F*z%kJd+,010-2367-5153,19750313,N,1
cy4mbwl,허박철,$*j8419BG(,010-2889-8161,20130716,N,1
lnha8drxuinr,지요민,$#doDibjwne3mS,010-6088-2390,19560929,Y,1
x83a1srip4szuvpi,주탐석,^ZH#0WQA!kf4,010-3207-6345,20220608,N,1
gd1j96tr,서덕찬,%7PpEqQ%2NdP4sqX,010-1277-7648,20080712,N,1
hkdolegjafz2jcg,송순탐,nxDCTQIFL,010-5900-7442,19860728,N,1
po9fsb6nqneg5,오루의,n0&09&&_)YLb)to&,010-0421-0186,20171127,Y,1
8edcsxy3d2klvg,전연장,#pFbzK8C4Nf!GTV2,010-0403-6576,20160405,N,1
6sr79r9n0,김아천,LMw&z4(y,010-2672-1695,19651029,N,1
rhviv2tzzl,유담영,_2shk7Pjm,010-2960-7093,20140810,N,0
hxcf30fhp6a,배리진,RF0yq$^i39Zp,010-6109-8336,19511109,N,1
xg09tw11e68dk,허별라,NDK_9Ye42&M72,010-5936-6095,19690112,N,1
bnl8x071f9,서신강,I$N5dZ^b7Xd,010-8404-4358,19980112,N,1
f6yvawm2g7dul,임탐월,ArkGIf^+3qrk,010-0789-1848,19711208,N,0
5qhm0lp,권천춘,Kc*D4#5WD,010-7516-0567,19930311,Y,1
sskjfbg8or,양미조,idlRaz(DrD&i!wN,010-3434-4990,19720226,N,1
l6rmjztk50,주춘진,%R8G8i2Rl,010-0005-5371,19841118,N,1
3a8qerzt,전중유,Fxb$+IjMnlV(sDdo,010-9360-2862,19740416,N,1
ytxvsj,민라유,f56%k@crcA+,010-4247-1091,19761115,N,1
b0lfpmvb8k,신우원,wnlf3G6cGTg%9E!S,010-3152-7143,19920515,N,1
1tb5rbq8o,채천종,6j^n@^^uX,010-5404-2852,19890626,N,1
gfw8w0a,남익오,)K9!SCdv6Kxm,010-1282-5722,19840830,N,1
vg8mz3s6b,김설사,*@KjP!oARmkejuG,010-9682-4798,20100426,N,1
8k3d3gnjn0j8qulx,임철초,mFmgrhT),010-9076-3553,20091106,N,1
bcru6nlwa7gr,신철두,cg8)Ysbi&65)KY,010-1211-0917,20080607,N,1
gzry24b4mrs,손유바,&Nkr$XEtrw0Xkb,010-7262-6735,19881212,N,0
otn2ml331507s,남섭시,eQ1j7NH3Etv@1,010-1505-0846,20190218,N,1
c9nv41ch,구연재,z)LkU@^Cn_Fr4Oas,010-2916-0718,19981024,N,1
1goze8,정은제,8@G*kq76n6#haKx,010-5941-2809,19840821,N,1
1182qyvlm9gjw,박무춘,3GNi1T7z*X4,010-4134-3276,20160823,N,0
0ys3txgevkx1zq,허새별,ot6iDeM!7&E^EQq,010-2940-2551,20040418,N,1
k7tjyx,신사담,7*(JCuLQS)M,010-7099-5253,19931123,N,1
zb6mof1ol89l,지애숭,P0Sv!p9QlfL&YHhE,010-3030-9059,19500410,N,1
403yrp,노진슬,uXNBxbp+,010-9658-1008,19930327,N,0
yikd0b1gpcqlaz,엄용율,NDThUOPp!l,010-2379-5075,19730511,N,1
ne5kq60,임제석,&C15PIt90cW,010-2438-7741,19730531,N,1
oaa3txaes3shy9y,심대만,f^AhXL_dA,010-9840-2999,20051214,N,1
m3c56w1g,하연선,7NJ_s*^9#PPp,010-6326-5841,19900710,N,1
dmbj3k7yl,신위일,Rk5o7k%(,010-3398-8319,19701204,N,1
8gpuvfu0m2,한요마,QMDrs2nqziS3(*Kc,010-9915-9218,19871010,N,1
fo09we,민범순,Pn2XI1X%9QuQ0q,010-2885-1597,19820612,N,1
q7oysr,황솔율,#bxxQghr,010-2337-7412,19980302,N,1
l5wdw5b,노완가,__Lh(uLl%NmO&J3l,010-4625-1626,20061116,N,1
rccqqehz,정담리,4518dV7nES(rues,010-6116-6135,19921026,Y,1
g1q3opn,지진초,r&NFF9YZZhiBvKR,010-3801-3486,19890622,N,1
5q1e2wdyo7yn7v,전래초,&BUf11PL29LO(,010-9162-4874,20151112,N,1
dfbhv4vipd,양의위,1V_Um#&sY,010-2398-6014,19500910,N,1
1wmnxepp2,신전만,AtUW2RWP$,010-5946-0060,20000524,N,1
ybg4wat1m,나만리,*M9!LB3Dgd9pRdu_,010-6904-5449,19941019,N,1
mf77u005ubvzmedr,엄지라,sn&#Rgr&m(TKiHF,010-2786-2379,19570228,N,1
n0i5pgu6,방잔윤,0CAYE2cNRoM@,010-1742-5483,19780711,N,1
5l4gswxhyp,임미서,^t#*Z_&p,010-3488-1680,19951028,N,1
bbhsozt8qn848og,류루슬,9NyY#VJ_,010-9027-9287,20090215,Y,1
w8znovtv,문태율,OoEuXx(+FN_Ax3Lv,010-0618-9374,19871031,N,1
8nl9dk3nm9kp96,홍의산,1fvHQ2L$bs,010-0080-7286,20081206,N,1
reiz0yxuq,신연초,y1qdO3MUo$,010-4117-1050,19540801,N,1
d7frq6es49hcrlkd,구사탐,Y6lQF1YeOGdM3#_,010-1834-1595,19631030,N,1
fj77do,송용민,lA3a1cBL(K@r,010-2377-6986,20110530,N,1
vgb6ucmpplpqd,이의만,mdKxH9_is31r%,010-0801-0719,20200821,Y,1
3jgfut,이소대,#LGNXwy*o9,010-8241-1308,20180308,N,1
yolly9x65htbb,채건잔,VTENpM31N,010-9291-3955,19770414,N,1
4ms3zzdd6hb,이월종,eIK+ZlC!M_$&rvS&,010-1039-1240,19940823,N,1
x78d1y8odybo0e4r,곽여병,2kKB%_mdx%,010-7940-8815,19540301,N,1
71utizpcft,방위정,*jIa3kbr0kt,010-4323-6879,19860927,N,1
yw3s26pduryl,손담유,%!L6WDr1v0Sg,010-1323-3845,19820105,N,0
6eitdlc60,한우슬,biU8t6h#NyZ,010-7845-7810,19970110,N,1
604sqv77y,우산소,W3@@_K)Pw4,010-9835-2893,19830415,N,0
4oobmfjt,임완안,XvYUUcpRXo915sM8,010-1534-7460,20220708,N,1
ofs30gynu01l9vio,안시익,rBo(x_YAnldA,010-0587-4020,19770722,N,1
p3fw4wcjte8jn,홍중가,yQtPv0FUzFo86_a(,010-3439-5197,20150914,N,1
3oe4ex35hxyeq9j5,전엄으,XJohC^7u,010-6201-8789,20040924,Y,1
jf1erc8rbdd72rv,오주제,e^g%qkpr,010-3909-4466,19890206,N,1
kz8fhwm,임충정,CMmxLKOKN,010-5258-8176,19760421,Y,1
vencbn,이여병,7hEGk!A$0,010-3698-8067,19541222,Y,1
uir0u9p95v,심마진,Kw4()WfSBR,010-7490-4514,19761127,N,1
krfz6abp,신사찬,uyP45s#lI,010-8402-2715,20080908,N,1
hietkp8x4,임가병,1SHSrUX98,010-4479-7331,19611109,N,1
62pl8ue13lejhud1,정완천,6wzISim_it(0sN,010-0132-0335,20190306,N,1
dg5n1nsfd0,강인신,@bgPy+J&c4k*iDUD,010-1927-0371,19911024,N,1
